{"cameraMode":{"drawMode":0,"name":"Shaded","section":"Shading Mode"},"sceneLighting":false,"audioPlay":false,"sceneViewState":{"m_AlwaysRefresh":false,"showFog":true,"showSkybox":true,"showFlares":true,"showImageEffects":true,"showParticleSystems":true,"showVisualEffectGraphs":true,"m_FxEnabled":true},"in2DMode":false,"pivot":{"x":-2.722783327102661,"y":-4.256470680236816,"z":226.51296997070313},"rotation":{"x":-0.01380888931453228,"y":0.006595933344215155,"z":-0.00009088069782592356,"w":-0.9998835921287537},"size":113.19657897949219,"orthographic":false}