{"cameraMode":{"drawMode":0,"name":"Shaded","section":"Shading Mode"},"sceneLighting":true,"audioPlay":false,"sceneViewState":{"m_AlwaysRefresh":false,"showFog":true,"showSkybox":true,"showFlares":true,"showImageEffects":true,"showParticleSystems":true,"showVisualEffectGraphs":true,"m_FxEnabled":true},"in2DMode":false,"pivot":{"x":-16.869915008544923,"y":-2.590404987335205,"z":18.107982635498048},"rotation":{"x":-0.10580211132764816,"y":0.3985019028186798,"z":-0.046481914818286899,"w":-0.9099906086921692},"size":12.689486503601075,"orthographic":false}