{"cameraMode":{"drawMode":0,"name":"Shaded","section":"Shading Mode"},"sceneLighting":false,"audioPlay":false,"sceneViewState":{"m_AlwaysRefresh":false,"showFog":true,"showSkybox":false,"showFlares":true,"showImageEffects":false,"showParticleSystems":true,"showVisualEffectGraphs":true,"m_FxEnabled":true},"in2DMode":false,"pivot":{"x":-7.977840423583984,"y":1.9210940599441529,"z":21.63144302368164},"rotation":{"x":-0.16752219200134278,"y":-0.010115600191056729,"z":0.0014816157054156066,"w":-0.9859039783477783},"size":2.8738982677459719,"orthographic":false}